{
	"required": true,
	"package": "io.github.solclient.client.mixin",
	"compatibilityLevel": "JAVA_8",
	"refmap": "mixins.solclient.refmap.json",
	"mixins": [
		"MixinEntity",
		"MixinEntityLivingBase",
		"MixinEntityPlayer",
		"MixinTileEntity",
		"MixinWorldInfo",
		"client.MixinActiveRenderInfo",
		"client.MixinChunkRenderContainer",
		"client.MixinEntityPlayerSP",
		"client.MixinEntityRenderer",
		"client.MixinFontRendererCompat",
		"client.MixinGameSettings",
		"client.MixinGuiChat",
		"client.MixinGuiContainer",
		"client.MixinGuiIngame",
		"client.MixinGuiIngameMenu",
		"client.MixinGuiLanguage",
		"client.MixinGuiMainMenu",
		"client.MixinGuiNewChat",
		"client.MixinGuiScreen",
		"client.MixinGuiScreenResourcePacks",
		"client.MixinGuiSlot",
		"client.MixinItemRenderer",
		"client.MixinLocale",
		"client.MixinMinecraft",
		"client.MixinNetHandlerPlayClient",
		"client.MixinRender",
		"client.MixinRenderChunk",
		"client.MixinRenderEntityItem",
		"client.MixinRendererLivingEntity",
		"client.MixinRenderManager",
		"client.MixinScreenshotHelper",
		"client.MixinShaderGroup",
		"client.MixinSimpleReloadableResourceManager",
		"client.MixinTileEntityRenderDispatcher",
		"client.MixinWorldClient",
		"client.MixinAbstractResourcePack",
		"client.MixinResourcePackRepositoryEntry",
		"client.MixinResourcePackListEntryFound",
		"client.MixinResourcePackRepository",
		"client.MixinGuiResourcePackList",
		"client.MixinGuiListExtended",
		"client.MixinAbstractClientPlayer",
		"client.MixinLightMap",
		"client.MixinThreadDownloadImageData$1",
		"mod.MixinTweaksMod$MixinEnchantment",
		"mod.MixinTweaksMod$MixinInventoryEffectRenderer",
		"mod.MixinTweaksMod$MixinItemPotion",
		"mod.MixinTweaksMod$MixinGuiIngame",
		"mod.MixinTweaksMod$MixinRendererLivingEntity",
		"mod.MixinTweaksMod$MixinEntityRenderer",
		"mod.MixinTweaksMod$MixinGuiIngameMenu",
		"mod.MixinTweaksMod$MixinMinecraft",
		"mod.MixinChatMod$MixinGameSettings",
		"mod.MixinChatMod$MixinGuiChat",
		"mod.MixinChatMod$MixinGuiNewChat",
		"mod.MixinChatMod$MixinGuiScreen",
		"mod.MixinChatMod$MixinGuiUtilRenderComponents",
		"mod.MixinChatMod$MixinMinecraft",
		"mod.MixinChatMod$MixinScreenChatOptions",
		"mod.MixinChatMod$MixinChatLine",
		"mod.MixinHypixelAdditionsMod$MixinRenderPlayer",
		"mod.MixinTabListMod$MixinGuiPlayerTabOverlay",
		"mod.MixinSCReplayMod$MixinAbstractGuiSlider",
		"mod.MixinSCReplayMod$MixinCameraEntity",
		"mod.MixinSCReplayMod$MixinClassicCameraController",
		"mod.MixinSCReplayMod$MixinEntityRenderer",
		"mod.MixinSCReplayMod$MixinGuiHandler",
		"mod.MixinSCReplayMod$MixinGuiIngame",
		"mod.MixinSCReplayMod$MixinGuiRecordingOverlay",
		"mod.MixinSCReplayMod$MixinGuiReplayViewer",
		"mod.MixinSCReplayMod$MixinGuiSavingReplay",
		"mod.MixinSCReplayMod$MixinMCVer",
		"mod.MixinSCReplayMod$MixinMinecraft",
		"mod.MixinSCReplayMod$MixinOptifineReflection",
		"mod.MixinSCReplayMod$MixinPacketListener",
		"mod.MixinSCReplayMod$MixinReplayMod",
		"mod.MixinSCReplayMod$MixinVanillaCameraController",
		"mod.MixinV1_7VisualsMod$MixinEntityRenderer",
		"mod.MixinV1_7VisualsMod$MixinItemRenderer",
		"mod.MixinV1_7VisualsMod$MixinLayerArmorBase",
		"mod.MixinTNTTimerMod$MixinRenderTNTPrimed",
		"lwjgl.MixinWindowsDisplay",
		"lwjgl.MixinLinuxKeyboard",
		"lwjgl.MixinLinuxKeycodes"
	]
}
