{
	"required": true,
	"package": "com.replaymod.recording.mixin",
	"mixins": [],
	"server": [],
	"client": [
		"AddServerScreenAccessor",
		"EntityLivingBaseAccessor",
		"IntegratedServerAccessor",
		"NetworkManagerAccessor",
		"SPacketSpawnMobAccessor",
		"SPacketSpawnPlayerAccessor",
		"MixinServerInfo",
		"MixinDownloadingPackFinder",
		"MixinNetHandlerLoginClient",
		"MixinNetHandlerPlayClient",
		"MixinNetworkDispatcher",
		"MixinRenderGlobal"
	],
	"compatibilityLevel": "JAVA_8",
	"minVersion": "0.6.11",
	"refmap": "mixins.replaymod.refmap.json"
}